{
	"format_version": "1.12.0",
	"minecraft:geometry": [
		{
			"description": {
				"identifier": "geometry.sight_coyote - Converted",
				"texture_width": 128,
				"texture_height": 128,
				"visible_bounds_width": 15,
				"visible_bounds_height": 2.5,
				"visible_bounds_offset": [0, 0.75, 0]
			},
			"bones": [
				{
					"name": "scope_body",
					"pivot": [0, 21.7, -2],
					"cubes": [
						{
							"origin": [-0.73125, 0.25, -4.8625],
							"size": [1.4625, 0.89375, 3.0875],
							"uv": {
								"north": {"uv": [9, 9], "uv_size": [1.5, 1]},
								"east": {"uv": [2, 6], "uv_size": [3, 1]},
								"south": {"uv": [0, 10], "uv_size": [1.5, 1]},
								"west": {"uv": [6, 3], "uv_size": [3, 1]},
								"up": {"uv": [4, 0], "uv_size": [1.5, 3]},
								"down": {"uv": [4, 6], "uv_size": [1.5, -3]}
							}
						},
						{
							"origin": [-0.65, 0.4125, -1.775],
							"size": [1.3, 0.73125, 1.95],
							"uv": {
								"north": {"uv": [15, 17], "uv_size": [1.5, 0.5]},
								"east": {"uv": [13, 16], "uv_size": [2, 0.5]},
								"south": {"uv": [17, 16], "uv_size": [1.5, 0.5]},
								"west": {"uv": [16, 13], "uv_size": [2, 0.5]},
								"up": {"uv": [6, 4], "uv_size": [1.5, 2]},
								"down": {"uv": [5, 8], "uv_size": [1.5, -2]}
							}
						},
						{
							"origin": [-0.73125, 1.08387, -3.79654],
							"size": [1.4625, 0.1625, 2.03125],
							"pivot": [0, 1.16512, -2.45592],
							"rotation": [5, 0, 0],
							"uv": {
								"north": {"uv": [17, 17], "uv_size": [1.5, 0.5]},
								"east": {"uv": [16, 14], "uv_size": [2, 0.5]},
								"south": {"uv": [0, 18], "uv_size": [1.5, 0.5]},
								"west": {"uv": [15, 16], "uv_size": [2, 0.5]},
								"up": {"uv": [2, 7], "uv_size": [1.5, 2]},
								"down": {"uv": [7, 8], "uv_size": [1.5, -2]}
							}
						},
						{
							"origin": [-0.8125, 0.0875, -4.94375],
							"size": [1.625, 0.1625, 5.525],
							"uv": {
								"north": {"uv": [18, 3], "uv_size": [1.5, 0.5]},
								"east": {"uv": [8, 2], "uv_size": [5.5, 0.5]},
								"south": {"uv": [18, 4], "uv_size": [1.5, 0.5]},
								"west": {"uv": [8, 8], "uv_size": [5.5, 0.5]},
								"up": {"uv": [0, 0], "uv_size": [1.5, 5.5]},
								"down": {"uv": [2, 5.5], "uv_size": [1.5, -5.5]}
							}
						},
						{
							"origin": [-0.73125, 0.1876, 0.10464],
							"size": [1.4625, 0.24375, 0.4875],
							"pivot": [0, 0.3501, 0.42964],
							"rotation": [-60, 0, 0],
							"uv": {
								"north": {"uv": [18, 5], "uv_size": [1.5, 0.5]},
								"east": {"uv": [9, 20], "uv_size": [0.5, 0.5]},
								"south": {"uv": [18, 6], "uv_size": [1.5, 0.5]},
								"west": {"uv": [20, 9], "uv_size": [0.5, 0.5]},
								"up": {"uv": [7, 18], "uv_size": [1.5, 0.5]},
								"down": {"uv": [18, 7.5], "uv_size": [1.5, -0.5]}
							}
						},
						{
							"origin": [-0.73125, 1.14375, -1.775],
							"size": [1.4625, 0.1625, 2.35625],
							"uv": {
								"north": {"uv": [9, 18], "uv_size": [1.5, 0.5]},
								"east": {"uv": [6, 12], "uv_size": [2.5, 0.5]},
								"south": {"uv": [18, 9], "uv_size": [1.5, 0.5]},
								"west": {"uv": [12, 6], "uv_size": [2.5, 0.5]},
								"up": {"uv": [0, 6], "uv_size": [1.5, 2.5]},
								"down": {"uv": [6, 2.5], "uv_size": [1.5, -2.5]}
							}
						},
						{
							"origin": [-0.73125, 0.25, -1.775],
							"size": [1.4625, 0.1625, 2.1125],
							"uv": {
								"north": {"uv": [18, 10], "uv_size": [1.5, 0.5]},
								"east": {"uv": [16, 15], "uv_size": [2, 0.5]},
								"south": {"uv": [11, 18], "uv_size": [1.5, 0.5]},
								"west": {"uv": [0, 17], "uv_size": [2, 0.5]},
								"up": {"uv": [8, 0], "uv_size": [1.5, 2]},
								"down": {"uv": [4, 10], "uv_size": [1.5, -2]}
							}
						},
						{
							"origin": [-0.73125, 0.4125, 0.09375],
							"size": [1.4625, 0.73125, 0.24375],
							"uv": {
								"north": {"uv": [18, 11], "uv_size": [1.5, 0.5]},
								"east": {"uv": [10, 20], "uv_size": [0.5, 0.5]},
								"south": {"uv": [18, 12], "uv_size": [1.5, 0.5]},
								"west": {"uv": [20, 10], "uv_size": [0.5, 0.5]},
								"up": {"uv": [13, 18], "uv_size": [1.5, 0.5]},
								"down": {"uv": [18, 13.5], "uv_size": [1.5, -0.5]}
							}
						},
						{
							"origin": [-0.73125, 1.0001, 0.42964],
							"size": [1.4625, 0.325, 0.1625],
							"pivot": [0.01376, 1.24385, 0.42964],
							"rotation": [-60, 0, 0],
							"uv": {
								"north": {"uv": [18, 14], "uv_size": [1.5, 0.5]},
								"east": {"uv": [11, 20], "uv_size": [0.5, 0.5]},
								"south": {"uv": [15, 18], "uv_size": [1.5, 0.5]},
								"west": {"uv": [20, 11], "uv_size": [0.5, 0.5]},
								"up": {"uv": [18, 15], "uv_size": [1.5, 0.5]},
								"down": {"uv": [17, 18.5], "uv_size": [1.5, -0.5]}
							}
						},
						{
							"origin": [0.51585, 0.6256, -5.26643],
							"size": [0.2159, 0.52123, 2.87047],
							"pivot": [0.6238, 0.88622, -5.03878],
							"rotation": [0, 0, 45],
							"uv": {
								"north": {"uv": [12, 20], "uv_size": [0.5, 0.5]},
								"east": {"uv": [10, 0], "uv_size": [3, 0.5]},
								"south": {"uv": [20, 12], "uv_size": [0.5, 0.5]},
								"west": {"uv": [10, 1], "uv_size": [3, 0.5]},
								"up": {"uv": [2, 10], "uv_size": [0.5, 3]},
								"down": {"uv": [4, 13], "uv_size": [0.5, -3]}
							}
						},
						{
							"origin": [0.51585, 0.6256, -5.26643],
							"size": [0.2159, 0.52123, 2.87047],
							"uv": {
								"north": {"uv": [13, 20], "uv_size": [0.5, 0.5]},
								"east": {"uv": [10, 4], "uv_size": [3, 0.5]},
								"south": {"uv": [20, 13], "uv_size": [0.5, 0.5]},
								"west": {"uv": [5, 10], "uv_size": [3, 0.5]},
								"up": {"uv": [9, 10], "uv_size": [0.5, 3]},
								"down": {"uv": [10, 13], "uv_size": [0.5, -3]}
							}
						},
						{
							"origin": [0.36318, 0.77827, -5.26643],
							"size": [0.52124, 0.2159, 2.87047],
							"pivot": [0.6238, 0.88622, -5.03878],
							"rotation": [0, 0, 45],
							"uv": {
								"north": {"uv": [14, 20], "uv_size": [0.5, 0.5]},
								"east": {"uv": [10, 5], "uv_size": [3, 0.5]},
								"south": {"uv": [20, 14], "uv_size": [0.5, 0.5]},
								"west": {"uv": [5, 11], "uv_size": [3, 0.5]},
								"up": {"uv": [0, 11], "uv_size": [0.5, 3]},
								"down": {"uv": [1, 14], "uv_size": [0.5, -3]}
							}
						},
						{
							"origin": [0.28824, 0.77827, -2.5391],
							"size": [0.52124, 0.2159, 0.43297],
							"pivot": [0.54885, 0.88622, -2.31145],
							"rotation": [0, -27, 0],
							"uv": {
								"north": {"uv": [15, 20], "uv_size": [0.5, 0.5]},
								"east": {"uv": [20, 15], "uv_size": [0.5, 0.5]},
								"south": {"uv": [16, 20], "uv_size": [0.5, 0.5]},
								"west": {"uv": [20, 16], "uv_size": [0.5, 0.5]},
								"up": {"uv": [17, 20], "uv_size": [0.5, 0.5]},
								"down": {"uv": [20, 17.5], "uv_size": [0.5, -0.5]}
							}
						},
						{
							"origin": [-0.90926, 0.57732, -4.81898],
							"size": [0.26988, 0.65154, 2.36933],
							"pivot": [-0.77432, 0.90309, -4.77816],
							"rotation": [0, 0, 45],
							"uv": {
								"north": {"uv": [18, 20], "uv_size": [0.5, 0.5]},
								"east": {"uv": [12, 7], "uv_size": [2.5, 0.5]},
								"south": {"uv": [20, 18], "uv_size": [0.5, 0.5]},
								"west": {"uv": [11, 12], "uv_size": [2.5, 0.5]},
								"up": {"uv": [2, 13], "uv_size": [0.5, 2.5]},
								"down": {"uv": [4, 15.5], "uv_size": [0.5, -2.5]}
							}
						},
						{
							"origin": [-0.90926, 0.57732, -4.81898],
							"size": [0.26988, 0.65154, 2.36933],
							"uv": {
								"north": {"uv": [19, 20], "uv_size": [0.5, 0.5]},
								"east": {"uv": [13, 0], "uv_size": [2.5, 0.5]},
								"south": {"uv": [20, 19], "uv_size": [0.5, 0.5]},
								"west": {"uv": [13, 1], "uv_size": [2.5, 0.5]},
								"up": {"uv": [6, 13], "uv_size": [0.5, 2.5]},
								"down": {"uv": [7, 15.5], "uv_size": [0.5, -2.5]}
							}
						},
						{
							"origin": [-1.10009, 0.76815, -4.81898],
							"size": [0.65154, 0.26988, 2.36933],
							"pivot": [-0.77432, 0.90309, -4.77816],
							"rotation": [0, 0, 45],
							"uv": {
								"north": {"uv": [20, 20], "uv_size": [0.5, 0.5]},
								"east": {"uv": [13, 4], "uv_size": [2.5, 0.5]},
								"south": {"uv": [0, 21], "uv_size": [0.5, 0.5]},
								"west": {"uv": [13, 5], "uv_size": [2.5, 0.5]},
								"up": {"uv": [8, 13], "uv_size": [0.5, 2.5]},
								"down": {"uv": [9, 15.5], "uv_size": [0.5, -2.5]}
							}
						},
						{
							"origin": [-1.10009, 0.76815, -4.81898],
							"size": [0.65154, 0.26988, 2.36933],
							"uv": {
								"north": {"uv": [21, 0], "uv_size": [0.5, 0.5]},
								"east": {"uv": [13, 9], "uv_size": [2.5, 0.5]},
								"south": {"uv": [1, 21], "uv_size": [0.5, 0.5]},
								"west": {"uv": [10, 13], "uv_size": [2.5, 0.5]},
								"up": {"uv": [13, 13], "uv_size": [0.5, 2.5]},
								"down": {"uv": [0, 16.5], "uv_size": [0.5, -2.5]}
							}
						},
						{
							"origin": [-0.92807, 0.52143, -5.60464],
							"size": [0.31036, 0.74928, 0.92098],
							"pivot": [-0.77289, 0.89607, -5.5577],
							"rotation": [0, 0, 45],
							"uv": {
								"north": {"uv": [21, 1], "uv_size": [0.5, 0.5]},
								"east": {"uv": [4, 7], "uv_size": [1, 0.5]},
								"south": {"uv": [2, 21], "uv_size": [0.5, 0.5]},
								"west": {"uv": [13, 10], "uv_size": [1, 0.5]},
								"up": {"uv": [9, 16], "uv_size": [0.5, 1]},
								"down": {"uv": [3, 19], "uv_size": [0.5, -1]}
							}
						},
						{
							"origin": [-0.92807, 0.52143, -5.60464],
							"size": [0.31036, 0.74928, 0.92098],
							"uv": {
								"north": {"uv": [21, 2], "uv_size": [0.5, 0.5]},
								"east": {"uv": [5, 18], "uv_size": [1, 0.5]},
								"south": {"uv": [3, 21], "uv_size": [0.5, 0.5]},
								"west": {"uv": [19, 2], "uv_size": [1, 0.5]},
								"up": {"uv": [4, 19], "uv_size": [0.5, 1]},
								"down": {"uv": [5, 20], "uv_size": [0.5, -1]}
							}
						},
						{
							"origin": [-1.14753, 0.74089, -5.60464],
							"size": [0.74928, 0.31036, 0.92098],
							"pivot": [-0.77289, 0.89607, -5.5577],
							"rotation": [0, 0, 45],
							"uv": {
								"north": {"uv": [21, 3], "uv_size": [0.5, 0.5]},
								"east": {"uv": [6, 19], "uv_size": [1, 0.5]},
								"south": {"uv": [4, 21], "uv_size": [0.5, 0.5]},
								"west": {"uv": [7, 19], "uv_size": [1, 0.5]},
								"up": {"uv": [8, 19], "uv_size": [0.5, 1]},
								"down": {"uv": [19, 9], "uv_size": [0.5, -1]}
							}
						},
						{
							"origin": [-1.14753, 0.74089, -5.60464],
							"size": [0.74928, 0.31036, 0.92098],
							"uv": {
								"north": {"uv": [21, 4], "uv_size": [0.5, 0.5]},
								"east": {"uv": [9, 19], "uv_size": [1, 0.5]},
								"south": {"uv": [5, 21], "uv_size": [0.5, 0.5]},
								"west": {"uv": [10, 19], "uv_size": [1, 0.5]},
								"up": {"uv": [11, 19], "uv_size": [0.5, 1]},
								"down": {"uv": [12, 20], "uv_size": [0.5, -1]}
							}
						},
						{
							"origin": [-1.1375, 0.575, -2.5875],
							"size": [1.80625, 0.65688, 0.71062],
							"uv": {
								"north": {"uv": [17, 2], "uv_size": [2, 0.5]},
								"east": {"uv": [21, 5], "uv_size": [0.5, 0.5]},
								"south": {"uv": [7, 17], "uv_size": [2, 0.5]},
								"west": {"uv": [6, 21], "uv_size": [0.5, 0.5]},
								"up": {"uv": [17, 8], "uv_size": [2, 0.5]},
								"down": {"uv": [9, 17.5], "uv_size": [2, -0.5]}
							}
						},
						{
							"origin": [-1.45111, 0.37248, -2.34114],
							"size": [0.46554, 1.12391, 0.24397],
							"pivot": [-1.21834, 0.93444, -2.21915],
							"rotation": [90, 65, 90],
							"uv": {
								"north": {"uv": [13, 19], "uv_size": [0.5, 1]},
								"east": {"uv": [14, 19], "uv_size": [0.5, 1]},
								"south": {"uv": [15, 19], "uv_size": [0.5, 1]},
								"west": {"uv": [16, 19], "uv_size": [0.5, 1]},
								"up": {"uv": [21, 6], "uv_size": [0.5, 0.5]},
								"down": {"uv": [7, 21.5], "uv_size": [0.5, -0.5]}
							}
						},
						{
							"origin": [-1.45111, 0.37248, -2.34114],
							"size": [0.46554, 1.12391, 0.24397],
							"pivot": [-1.21834, 0.93444, -2.21915],
							"rotation": [-90, 70, -90],
							"uv": {
								"north": {"uv": [19, 16], "uv_size": [0.5, 1]},
								"east": {"uv": [17, 19], "uv_size": [0.5, 1]},
								"south": {"uv": [19, 17], "uv_size": [0.5, 1]},
								"west": {"uv": [18, 19], "uv_size": [0.5, 1]},
								"up": {"uv": [21, 7], "uv_size": [0.5, 0.5]},
								"down": {"uv": [8, 21.5], "uv_size": [0.5, -0.5]}
							}
						},
						{
							"origin": [-1.7803, 0.70167, -2.34114],
							"size": [1.12391, 0.46554, 0.24397],
							"pivot": [-1.21834, 0.93444, -2.21915],
							"rotation": [90, 65, 90],
							"uv": {
								"north": {"uv": [19, 18], "uv_size": [1, 0.5]},
								"east": {"uv": [21, 8], "uv_size": [0.5, 0.5]},
								"south": {"uv": [19, 19], "uv_size": [1, 0.5]},
								"west": {"uv": [9, 21], "uv_size": [0.5, 0.5]},
								"up": {"uv": [0, 20], "uv_size": [1, 0.5]},
								"down": {"uv": [1, 20.5], "uv_size": [1, -0.5]}
							}
						},
						{
							"origin": [-1.7803, 0.70167, -2.34114],
							"size": [1.12391, 0.46554, 0.24397],
							"pivot": [-1.21834, 0.93444, -2.21915],
							"rotation": [-90, 70, -90],
							"uv": {
								"north": {"uv": [2, 20], "uv_size": [1, 0.5]},
								"east": {"uv": [21, 9], "uv_size": [0.5, 0.5]},
								"south": {"uv": [20, 2], "uv_size": [1, 0.5]},
								"west": {"uv": [10, 21], "uv_size": [0.5, 0.5]},
								"up": {"uv": [3, 20], "uv_size": [1, 0.5]},
								"down": {"uv": [20, 3.5], "uv_size": [1, -0.5]}
							}
						},
						{
							"origin": [-0.65, 0.1876, 0.32775],
							"size": [1.3, 0.975, 0.18313],
							"uv": {
								"north": {"uv": [11, 9], "uv_size": [1.5, 1]},
								"east": {"uv": [4, 20], "uv_size": [0.5, 1]},
								"south": {"uv": [11, 10], "uv_size": [1.5, 1]},
								"west": {"uv": [20, 4], "uv_size": [0.5, 1]},
								"up": {"uv": [0, 19], "uv_size": [1.5, 0.5]},
								"down": {"uv": [19, 0.5], "uv_size": [1.5, -0.5]}
							}
						},
						{
							"origin": [0.43489, 0.80215, -5.44983],
							"size": [0.39093, 0.16193, 0.20313],
							"uv": {
								"north": {"uv": [21, 10], "uv_size": [0.5, 0.5]},
								"east": {"uv": [11, 21], "uv_size": [0.5, 0.5]},
								"south": {"uv": [21, 11], "uv_size": [0.5, 0.5]},
								"west": {"uv": [12, 21], "uv_size": [0.5, 0.5]},
								"up": {"uv": [21, 12], "uv_size": [0.5, 0.5]},
								"down": {"uv": [13, 21.5], "uv_size": [0.5, -0.5]}
							}
						},
						{
							"origin": [0.54939, 0.68765, -5.44983],
							"size": [0.16193, 0.39093, 0.20313],
							"pivot": [0.63035, 0.88311, -5.07596],
							"rotation": [0, 0, 45],
							"uv": {
								"north": {"uv": [21, 13], "uv_size": [0.5, 0.5]},
								"east": {"uv": [14, 21], "uv_size": [0.5, 0.5]},
								"south": {"uv": [21, 14], "uv_size": [0.5, 0.5]},
								"west": {"uv": [15, 21], "uv_size": [0.5, 0.5]},
								"up": {"uv": [21, 15], "uv_size": [0.5, 0.5]},
								"down": {"uv": [16, 21.5], "uv_size": [0.5, -0.5]}
							}
						},
						{
							"origin": [0.43489, 0.80215, -5.44983],
							"size": [0.39093, 0.16193, 0.20313],
							"pivot": [0.63035, 0.88311, -5.07596],
							"rotation": [0, 0, 45],
							"uv": {
								"north": {"uv": [21, 16], "uv_size": [0.5, 0.5]},
								"east": {"uv": [17, 21], "uv_size": [0.5, 0.5]},
								"south": {"uv": [21, 17], "uv_size": [0.5, 0.5]},
								"west": {"uv": [18, 21], "uv_size": [0.5, 0.5]},
								"up": {"uv": [21, 18], "uv_size": [0.5, 0.5]},
								"down": {"uv": [19, 21.5], "uv_size": [0.5, -0.5]}
							}
						},
						{
							"origin": [0.54939, 0.68765, -5.44983],
							"size": [0.16193, 0.39093, 0.20313],
							"uv": {
								"north": {"uv": [21, 19], "uv_size": [0.5, 0.5]},
								"east": {"uv": [20, 21], "uv_size": [0.5, 0.5]},
								"south": {"uv": [21, 20], "uv_size": [0.5, 0.5]},
								"west": {"uv": [21, 21], "uv_size": [0.5, 0.5]},
								"up": {"uv": [0, 22], "uv_size": [0.5, 0.5]},
								"down": {"uv": [22, 0.5], "uv_size": [0.5, -0.5]}
							}
						},
						{
							"origin": [0.36318, 0.77827, -5.26643],
							"size": [0.52124, 0.2159, 2.87047],
							"uv": {
								"north": {"uv": [1, 22], "uv_size": [0.5, 0.5]},
								"east": {"uv": [11, 11], "uv_size": [3, 0.5]},
								"south": {"uv": [22, 1], "uv_size": [0.5, 0.5]},
								"west": {"uv": [12, 3], "uv_size": [3, 0.5]},
								"up": {"uv": [3, 12], "uv_size": [0.5, 3]},
								"down": {"uv": [5, 15], "uv_size": [0.5, -3]}
							}
						},
						{
							"origin": [-0.82609, 1.24654, -1.775],
							"size": [0.1625, 1.1375, 2.35625],
							"pivot": [-0.09484, 0.19029, -3.5625],
							"rotation": [0, 0, 5],
							"uv": {
								"north": {"uv": [5, 20], "uv_size": [0.5, 1]},
								"east": {"uv": [0, 9], "uv_size": [2.5, 1]},
								"south": {"uv": [20, 5], "uv_size": [0.5, 1]},
								"west": {"uv": [9, 3], "uv_size": [2.5, 1]},
								"up": {"uv": [1, 14], "uv_size": [0.5, 2.5]},
								"down": {"uv": [10, 16.5], "uv_size": [0.5, -2.5]}
							}
						},
						{
							"origin": [0.50163, 1.29977, -1.775],
							"size": [0.1625, 1.1375, 2.35625],
							"pivot": [0.62351, 2.07165, -0.59687],
							"rotation": [0, 0, -5],
							"uv": {
								"north": {"uv": [6, 20], "uv_size": [0.5, 1]},
								"east": {"uv": [9, 6], "uv_size": [2.5, 1]},
								"south": {"uv": [20, 6], "uv_size": [0.5, 1]},
								"west": {"uv": [9, 7], "uv_size": [2.5, 1]},
								"up": {"uv": [14, 10], "uv_size": [0.5, 2.5]},
								"down": {"uv": [11, 16.5], "uv_size": [0.5, -2.5]}
							}
						},
						{
							"origin": [-0.60028, 2.36258, -1.775],
							"size": [0.17497, 0.1625, 2.35625],
							"pivot": [-0.5128, 2.44383, -0.59687],
							"rotation": [0, 0, -45],
							"uv": {
								"north": {"uv": [2, 22], "uv_size": [0.5, 0.5]},
								"east": {"uv": [14, 2], "uv_size": [2.5, 0.5]},
								"south": {"uv": [22, 2], "uv_size": [0.5, 0.5]},
								"west": {"uv": [14, 8], "uv_size": [2.5, 0.5]},
								"up": {"uv": [12, 14], "uv_size": [0.5, 2.5]},
								"down": {"uv": [14, 15.5], "uv_size": [0.5, -2.5]}
							}
						},
						{
							"origin": [0.0956, 2.46033, -1.775],
							"size": [0.17497, 0.1625, 2.35625],
							"pivot": [0.22994, 2.09471, -0.59687],
							"rotation": [0, 0, 45],
							"uv": {
								"north": {"uv": [3, 22], "uv_size": [0.5, 0.5]},
								"east": {"uv": [15, 3], "uv_size": [2.5, 0.5]},
								"south": {"uv": [22, 3], "uv_size": [0.5, 0.5]},
								"west": {"uv": [15, 6], "uv_size": [2.5, 0.5]},
								"up": {"uv": [3, 15], "uv_size": [0.5, 2.5]},
								"down": {"uv": [5, 17.5], "uv_size": [0.5, -2.5]}
							}
						},
						{
							"origin": [-0.50886, 2.40064, -1.775],
							"size": [1.01725, 0.1625, 2.35625],
							"uv": {
								"north": {"uv": [7, 20], "uv_size": [1, 0.5]},
								"east": {"uv": [15, 7], "uv_size": [2.5, 0.5]},
								"south": {"uv": [20, 7], "uv_size": [1, 0.5]},
								"west": {"uv": [15, 10], "uv_size": [2.5, 0.5]},
								"up": {"uv": [3, 9], "uv_size": [1, 2.5]},
								"down": {"uv": [8, 11.5], "uv_size": [1, -2.5]}
							}
						},
						{
							"origin": [-0.64843, 1.2182, -1.775],
							"size": [0.17497, 0.1625, 2.35625],
							"pivot": [-0.56095, 1.29945, -0.59687],
							"rotation": [0, 0, -45],
							"uv": {
								"north": {"uv": [4, 22], "uv_size": [0.5, 0.5]},
								"east": {"uv": [15, 11], "uv_size": [2.5, 0.5]},
								"south": {"uv": [22, 4], "uv_size": [0.5, 0.5]},
								"west": {"uv": [15, 12], "uv_size": [2.5, 0.5]},
								"up": {"uv": [15, 13], "uv_size": [0.5, 2.5]},
								"down": {"uv": [2, 18.5], "uv_size": [0.5, -2.5]}
							}
						},
						{
							"origin": [0.14375, 1.31595, -1.775],
							"size": [0.17497, 0.1625, 2.35625],
							"pivot": [0.27809, 0.95033, -0.59687],
							"rotation": [0, 0, 45],
							"uv": {
								"north": {"uv": [5, 22], "uv_size": [0.5, 0.5]},
								"east": {"uv": [16, 0], "uv_size": [2.5, 0.5]},
								"south": {"uv": [22, 5], "uv_size": [0.5, 0.5]},
								"west": {"uv": [16, 1], "uv_size": [2.5, 0.5]},
								"up": {"uv": [4, 16], "uv_size": [0.5, 2.5]},
								"down": {"uv": [6, 18.5], "uv_size": [0.5, -2.5]}
							}
						},
						{
							"origin": [0.63772, 0.69119, -2.9698],
							"size": [0.45347, 0.18784, 0.23563],
							"pivot": [0.86446, 0.78511, -2.85199],
							"rotation": [0, -90, 0],
							"uv": {
								"north": {"uv": [6, 22], "uv_size": [0.5, 0.5]},
								"east": {"uv": [22, 6], "uv_size": [0.5, 0.5]},
								"south": {"uv": [7, 22], "uv_size": [0.5, 0.5]},
								"west": {"uv": [22, 7], "uv_size": [0.5, 0.5]},
								"up": {"uv": [8, 22], "uv_size": [0.5, 0.5]},
								"down": {"uv": [22, 8.5], "uv_size": [0.5, -0.5]}
							}
						},
						{
							"origin": [0.77054, 0.55837, -2.9698],
							"size": [0.18784, 0.45347, 0.23563],
							"pivot": [0.86446, 0.78511, -2.85199],
							"rotation": [-90, -45, 90],
							"uv": {
								"north": {"uv": [9, 22], "uv_size": [0.5, 0.5]},
								"east": {"uv": [22, 9], "uv_size": [0.5, 0.5]},
								"south": {"uv": [10, 22], "uv_size": [0.5, 0.5]},
								"west": {"uv": [22, 10], "uv_size": [0.5, 0.5]},
								"up": {"uv": [11, 22], "uv_size": [0.5, 0.5]},
								"down": {"uv": [22, 11.5], "uv_size": [0.5, -0.5]}
							}
						},
						{
							"origin": [0.63772, 0.69119, -2.9698],
							"size": [0.45347, 0.18784, 0.23563],
							"pivot": [0.86446, 0.78511, -2.85199],
							"rotation": [-90, -45, 90],
							"uv": {
								"north": {"uv": [12, 22], "uv_size": [0.5, 0.5]},
								"east": {"uv": [22, 12], "uv_size": [0.5, 0.5]},
								"south": {"uv": [13, 22], "uv_size": [0.5, 0.5]},
								"west": {"uv": [22, 13], "uv_size": [0.5, 0.5]},
								"up": {"uv": [14, 22], "uv_size": [0.5, 0.5]},
								"down": {"uv": [22, 14.5], "uv_size": [0.5, -0.5]}
							}
						},
						{
							"origin": [0.77054, 0.55837, -2.9698],
							"size": [0.18784, 0.45347, 0.23563],
							"pivot": [0.86446, 0.78511, -2.85199],
							"rotation": [0, -90, 0],
							"uv": {
								"north": {"uv": [15, 22], "uv_size": [0.5, 0.5]},
								"east": {"uv": [22, 15], "uv_size": [0.5, 0.5]},
								"south": {"uv": [16, 22], "uv_size": [0.5, 0.5]},
								"west": {"uv": [22, 16], "uv_size": [0.5, 0.5]},
								"up": {"uv": [17, 22], "uv_size": [0.5, 0.5]},
								"down": {"uv": [22, 17.5], "uv_size": [0.5, -0.5]}
							}
						},
						{
							"origin": [0.67267, 0.70707, -3.09083],
							"size": [0.36278, 0.15027, 0.14625],
							"pivot": [0.85406, 0.78221, -2.85033],
							"rotation": [0, -90, 0],
							"uv": {
								"north": {"uv": [18, 22], "uv_size": [0.5, 0.5]},
								"east": {"uv": [22, 18], "uv_size": [0.5, 0.5]},
								"south": {"uv": [19, 22], "uv_size": [0.5, 0.5]},
								"west": {"uv": [22, 19], "uv_size": [0.5, 0.5]},
								"up": {"uv": [20, 22], "uv_size": [0.5, 0.5]},
								"down": {"uv": [22, 20.5], "uv_size": [0.5, -0.5]}
							}
						},
						{
							"origin": [0.77893, 0.60082, -3.09083],
							"size": [0.15027, 0.36278, 0.14625],
							"pivot": [0.85406, 0.78221, -2.85033],
							"rotation": [-90, -45, 90],
							"uv": {
								"north": {"uv": [21, 22], "uv_size": [0.5, 0.5]},
								"east": {"uv": [22, 21], "uv_size": [0.5, 0.5]},
								"south": {"uv": [22, 22], "uv_size": [0.5, 0.5]},
								"west": {"uv": [0, 23], "uv_size": [0.5, 0.5]},
								"up": {"uv": [23, 0], "uv_size": [0.5, 0.5]},
								"down": {"uv": [1, 23.5], "uv_size": [0.5, -0.5]}
							}
						},
						{
							"origin": [0.67267, 0.70707, -3.09083],
							"size": [0.36278, 0.15027, 0.14625],
							"pivot": [0.85406, 0.78221, -2.85033],
							"rotation": [-90, -45, 90],
							"uv": {
								"north": {"uv": [23, 1], "uv_size": [0.5, 0.5]},
								"east": {"uv": [2, 23], "uv_size": [0.5, 0.5]},
								"south": {"uv": [23, 2], "uv_size": [0.5, 0.5]},
								"west": {"uv": [3, 23], "uv_size": [0.5, 0.5]},
								"up": {"uv": [23, 3], "uv_size": [0.5, 0.5]},
								"down": {"uv": [4, 23.5], "uv_size": [0.5, -0.5]}
							}
						},
						{
							"origin": [0.77893, 0.60082, -3.09083],
							"size": [0.15027, 0.36278, 0.14625],
							"pivot": [0.85406, 0.78221, -2.85033],
							"rotation": [0, -90, 0],
							"uv": {
								"north": {"uv": [23, 4], "uv_size": [0.5, 0.5]},
								"east": {"uv": [5, 23], "uv_size": [0.5, 0.5]},
								"south": {"uv": [23, 5], "uv_size": [0.5, 0.5]},
								"west": {"uv": [6, 23], "uv_size": [0.5, 0.5]},
								"up": {"uv": [23, 6], "uv_size": [0.5, 0.5]},
								"down": {"uv": [7, 23.5], "uv_size": [0.5, -0.5]}
							}
						},
						{
							"origin": [-0.89375, -0.275, -3.075],
							"size": [1.79137, 0.3625, 1.4],
							"uv": {
								"north": {"uv": [11, 17], "uv_size": [2, 0.5]},
								"east": {"uv": [19, 1], "uv_size": [1.5, 0.5]},
								"south": {"uv": [13, 17], "uv_size": [2, 0.5]},
								"west": {"uv": [2, 19], "uv_size": [1.5, 0.5]},
								"up": {"uv": [8, 4], "uv_size": [2, 1.5]},
								"down": {"uv": [6, 9.5], "uv_size": [2, -1.5]}
							}
						},
						{
							"origin": [-0.975, -0.267, -2.33181],
							"size": [1.95, 0.2, 0.2],
							"pivot": [0, -0.31075, -2.39431],
							"rotation": [45, 0, 0],
							"uv": {
								"north": {"uv": [16, 4], "uv_size": [2, 0.5]},
								"east": {"uv": [8, 20], "uv_size": [0.5, 0.5]},
								"south": {"uv": [16, 5], "uv_size": [2, 0.5]},
								"west": {"uv": [20, 8], "uv_size": [0.5, 0.5]},
								"up": {"uv": [7, 16], "uv_size": [2, 0.5]},
								"down": {"uv": [16, 9.5], "uv_size": [2, -0.5]}
							}
						},
						{
							"origin": [-0.65046, 0.59425, -1.25],
							"size": [1.30093, 0.3125, 1],
							"inflate": 0.001,
							"uv": {
								"north": {"uv": [0, 0], "uv_size": [2, 2]},
								"east": {"uv": [1, 85.71875], "uv_size": [80.0625, 26.3125]},
								"south": {"uv": [0, 0], "uv_size": [2, 2]},
								"west": {"uv": [0, 27], "uv_size": [89, 30]},
								"up": {"uv": [2, 2], "uv_size": [-2, -2]},
								"down": {"uv": [2, 2], "uv_size": [-2, -2]}
							}
						},
						{
							"origin": [0.0043, 0, -4.1875],
							"size": [0.9375, 1.14517, 0.375],
							"pivot": [-0.0582, 0.59375, -3.6875],
							"rotation": [0, 90, 0],
							"uv": {
								"north": {"uv": [42.5, 4], "uv_size": [2, 2]},
								"east": {"uv": [36.5, 2], "uv_size": [2, 2]},
								"south": {"uv": [47.5, 0], "uv_size": [2, 2]},
								"west": {"uv": [53.5, 0], "uv_size": [2, 2]},
								"up": {"uv": [41, 15], "uv_size": [-15.5, -6]},
								"down": {"uv": [70, 5], "uv_size": [-40.5, -4]}
							}
						}
					]
				},
				{
					"name": "knobs",
					"parent": "scope_body",
					"pivot": [0, 21.7, -2]
				},
				{
					"name": "octagon3",
					"parent": "knobs",
					"pivot": [0, 21.7, -2]
				},
				{
					"name": "octagon",
					"parent": "knobs",
					"pivot": [0, 21.7, -2]
				},
				{
					"name": "screws",
					"parent": "scope_body",
					"pivot": [0, 21.65581, -0.75]
				},
				{
					"name": "pattern",
					"parent": "scope_body",
					"pivot": [-8.45313, 8.8125, 6.25]
				},
				{
					"name": "pattern2",
					"parent": "scope_body",
					"pivot": [-8.45313, 8.8125, 6.25]
				},
				{
					"name": "division",
					"pivot": [0, 0.3125, -27]
				},
				{
					"name": "division_illuminated",
					"parent": "division",
					"pivot": [-0.01562, 1.68875, -57],
					"cubes": [
						{
							"origin": [-0.35483, 1.61997, -7],
							"size": [0.75, 0.5625, 0.3],
							"uv": {
								"south": {"uv": [23, 72], "uv_size": [9, 7.5]}
							}
						}
					]
				},
				{
					"name": "ocular",
					"pivot": [-0.00157, 1.69298, 6.96832],
					"cubes": [
						{
							"origin": [-0.5609, 1.26369, 0.2685],
							"size": [1.12397, 1.27491, 0.02463],
							"uv": {
								"south": {"uv": [23, 7], "uv_size": [1, 1.5]}
							}
						}
					]
				},
				{
					"name": "scope_view",
					"pivot": [0, 1.86402, 7.75]
				}
			]
		}
	]
}